participant_id,session_id,self_report_strain,median_interval_ms,interval_variability,median_dwell_ms,pause_rate,backspace_rate,error_rate
demo_000,0_0,4.39,244.53665286673072,0.6225873759049588,40.979296226923275,0.023167003111085716,0.0601679184801417,0.02684150134568993
demo_000,0_1,1.28,179.58809021610926,0.5375561651524259,95.55583870857896,0.035618721726318615,0.07150405416957373,0.03319359582530729
demo_000,0_2,2.27,218.06296513624972,0.3417437683467144,97.56900602614544,0.03965856275027806,0.03808845240072879,0.013198570765464481
demo_000,0_3,9.71,264.4577026912773,0.591275167439153,72.95732899023541,0.10625659134647697,0.09920520339461655,0.05737559296376687
demo_000,0_4,6.83,298.850204072563,0.5219924363444598,69.75514541856926,0.05246910852077488,0.08946231987181215,0.06307091445169147
demo_000,0_5,1.3,180.05490629417963,0.3335426304509192,93.01185575649401,0.05267585965356908,0.054089918369284146,0.010587451014290265
demo_000,0_6,8.05,257.96339161966745,0.627433720981682,97.4285755589638,0.08692339374414318,0.09865326834196497,0.04549451211468189
demo_000,0_7,7.87,269.4012536375397,0.42187239599285464,73.60657567285398,0.06832539006782981,0.05804912720282804,0.03810488630053048
demo_001,1_0,6.68,310.0021417012286,0.3651563678537214,73.3022994002845,0.07585703395295816,0.08769084764820664,0.05427662044957125
demo_001,1_1,3.04,247.9208269320019,0.420505309395905,97.15951762514308,0.04149389874234248,0.009966416183619077,0.00645275866180875
demo_001,1_2,0.58,249.41618382967326,0.43166677375073437,93.80970708135537,0.018399875759821264,0.03825435523364539,0.03426089013001871
demo_001,1_3,4.06,276.2532757473448,0.42216560243201956,72.73892306869857,0.04390363295084672,0.018508022318733046,0.041931055458913756
demo_001,1_4,1.61,245.5370411840842,0.49800754382710954,88.93062352059889,0.05292365225667178,0.0367217422067334,0.016372187130124977
demo_001,1_5,6.3,240.56219249376423,0.3839171515889517,53.546007752911954,0.04418861082828515,0.0798101823888364,0.020798896686365437
demo_001,1_6,2.66,286.07325025461705,0.4237158138375088,94.75031136934173,0.020270455301919444,0.03978907095154227,0.008975657745573962
demo_001,1_7,9.03,325.5388410531461,0.4183721483528786,88.68847287091715,0.09412555781637587,0.06633164512172667,0.01815691480854615
demo_002,2_0,7.19,245.898474529928,0.5824879964505474,112.03557782641832,0.06937851622973996,0.04246285257840026,0.04516940137765443
demo_002,2_1,0.42,219.83335605994773,0.5106168929752226,87.13742118299018,0.06449556445082152,0.0,0.00845339456086182
demo_002,2_2,9.25,246.788897161235,0.4660776918874423,92.70301893628809,0.08420284085890646,0.04138301826752809,0.027442021927153077
demo_002,2_3,7.83,266.0965151473678,0.835291513815586,138.2772493201466,0.09015170173941994,0.047277970034061256,0.0008411312028824003
demo_002,2_4,2.67,183.55905843457876,0.4169010445514112,67.75806401880384,0.04016852425602292,0.07799794670914292,0.0311502412416637
demo_002,2_5,1.4,167.853116069229,0.2341003188851299,70.27384181853338,0.03347287245944475,0.09145284274731313,0.026812963099416044
demo_002,2_6,1.08,178.66141848297835,0.2847419845189312,60.69766475535256,0.014411214603518931,0.10031854873040871,0.006804494794189174
demo_002,2_7,8.08,224.61147108295393,0.7138516295609848,87.69901932211727,0.07766165560304887,0.07727221253979509,0.031151790253341242
demo_003,3_0,0.45,168.56523250907793,0.25787514592972793,83.45175835444239,0.06762102476772391,0.03749438557074288,0.018974552059572217
demo_003,3_1,5.19,269.7712394254594,0.556040490260275,71.78145538332525,0.08897730297854867,0.07399419477703534,0.06628087065151331
demo_003,3_2,2.62,185.9976425326895,0.30143602507123646,113.01855864462499,0.08646387913418296,0.04036205455689386,0.02021006905496619
demo_003,3_3,5.99,215.8870083224531,0.4424784556055117,92.86653589378089,0.05709166733496931,0.06580931148964847,0.03471262577513506
demo_003,3_4,0.14,231.91447660137186,0.41435426075525983,92.87877586553716,0.0,0.029374625204588552,0.003553483225388624
demo_003,3_5,5.81,220.14804661632627,0.5051843394211282,98.31805084712026,0.03251834470197407,0.06578594133108667,0.0277501096099555
demo_003,3_6,3.01,244.75736802696312,0.539811025385706,106.74796214885487,0.042203766443418264,0.027178643156735287,0.024551284415818202
demo_003,3_7,5.55,244.4427043993616,0.4086729419137022,81.80979563255748,0.06956957121635035,0.1388361036656271,0.07419283349543815
demo_004,4_0,8.04,177.89930593355388,0.5302053872276243,86.31210007180681,0.1114516046151138,0.056389139804469995,0.031047898667033197
demo_004,4_1,2.33,164.68109407413328,0.33067045606846085,69.41121145267853,0.01936333248346065,0.04113056789040931,0.0
demo_004,4_2,4.54,239.6794110972527,0.3589835107661913,58.06428843090721,0.10269561995337384,0.1443858280017902,0.01018557388578216
demo_004,4_3,5.94,206.23006460447016,0.7560521332677841,60.26285843143525,0.060478410314398885,0.08898614710723943,0.04652833140202593
demo_004,4_4,2.85,169.5685152045751,0.3061925235800861,75.2365251205067,0.03827071851343161,0.054048301629063815,0.017435058093757748
demo_004,4_5,5.91,222.7458834648147,0.5664374733479588,87.03512816798407,0.06770895081721467,0.06547116075940071,0.02330315381247219
demo_004,4_6,0.43,151.18232273112739,0.6620489625748693,111.46709804950484,0.03768941815480796,0.009716787429924486,0.0
demo_004,4_7,8.33,223.38189766220452,0.6659818468541332,45.108280260516146,0.10652806080415371,0.09364012337374447,0.02279514292536724
demo_005,5_0,7.79,227.1665049598642,0.5598088428964056,77.93023463868079,0.0732639933988209,0.08134552780935378,0.072814165683003
demo_005,5_1,4.63,194.59932437399098,0.5368813319630726,85.91987979374198,0.04809809105851386,0.005066308461253478,0.04044389064208767
demo_005,5_2,2.33,143.75569185865825,0.5618018467760011,73.42949553754212,0.039746787191299975,0.01236724111061395,0.02028797476874868
demo_005,5_3,9.49,253.9716469261717,0.8450918743280285,103.54823777955387,0.10239722184331325,0.1392495113879542,0.05724560097622619
demo_005,5_4,8.04,220.43370413665028,0.6090834548898739,66.05152353399447,0.10604702632116675,0.04291440098337867,0.05977876168676555
demo_005,5_5,8.61,234.1140952360732,0.7557294182975519,95.0173797746252,0.1307664887239826,0.10356638483371298,0.01438076693671201
demo_005,5_6,1.37,145.18908632740556,0.3721584014254976,110.22456866553443,0.05055690037508855,0.01727656294490574,0.0038478905723260855
demo_005,5_7,2.53,153.35329631185857,0.38280900517220706,86.24018943102487,0.07161963567141051,0.06346584539708443,0.0
demo_006,6_0,7.64,262.1139638509035,0.7849260092997918,38.735234463905144,0.06369705167068353,0.0935625930841959,0.011285813711118795
demo_006,6_1,0.88,206.87847178643705,0.5235173312789005,68.58112676956411,0.05148372308290905,0.06731668739431726,0.02728883076006642
demo_006,6_2,7.63,258.41398826375445,0.4870316049989373,77.04942639519294,0.07456418698363669,0.087253744754844,0.06287244935032546
demo_006,6_3,4.38,222.5599327339699,0.6872506750187652,65.12823542374872,0.03509703217165472,0.062343427986860996,0.050024824925669
demo_006,6_4,3.76,253.98560815544994,0.5969051462781898,96.83640133780123,0.06519807567676017,0.12241116141923213,0.0271875504271039
demo_006,6_5,1.22,240.51292882079662,0.37555648786895907,82.15760888686066,0.06627328460497106,0.0,0.0
demo_006,6_6,4.59,207.4832748093076,0.567393413171677,90.48375685625543,0.06400522020911242,0.015129908391142075,0.0
demo_006,6_7,8.79,249.19443661972034,0.6749262986829299,94.0390725244254,0.09000003750300921,0.10555599401974033,0.050960228211533724
demo_007,7_0,2.41,213.32822399355663,0.48382014610912166,96.41056950834837,0.032014434757265994,0.060084701154432194,0.021908065902926835
demo_007,7_1,0.05,219.7246274769492,0.16219021400567643,54.07055343850478,0.0,0.0,0.006597606220757479
demo_007,7_2,8.01,255.50727132782103,0.6239757732434413,101.78434993421585,0.11425962306160964,0.07598369317671638,0.07110063340063824
demo_007,7_3,6.3,228.01825666647667,0.48617491888025144,50.389269748699675,0.04689748277700659,0.05706021003235105,0.054972055724863994
demo_007,7_4,9.8,242.41410960351988,0.6921904924158608,59.189121216849315,0.10548176215448779,0.08487968757328912,0.01278802703000985
demo_007,7_5,1.73,197.2774745896333,0.3792139330007993,58.6049517742062,0.02076186733238634,0.05322438400619771,0.021408948573946988
demo_007,7_6,5.72,253.39336304096344,0.7015826861530394,73.14427698271241,0.028147475075961312,0.09636146149467774,0.030542631056814026
demo_007,7_7,9.41,283.38424530125457,0.6194120987994783,86.9755178809259,0.13961692268184378,0.1487450804533437,0.04960545499352113
demo_008,8_0,3.05,188.84151324778045,0.5161445956543984,79.48274304092287,0.054177027549697034,0.0232812120471677,0.0
demo_008,8_1,5.88,204.73656781407811,0.49203552790953214,74.13616826702476,0.1146122164493685,0.09847817600175943,0.018407365125437704
demo_008,8_2,5.66,220.69146689189319,0.5073193145431688,83.70651298830764,0.08008331095461929,0.053768559509394784,0.058250187667644795
demo_008,8_3,4.31,220.27860293954555,0.8195753959864724,84.4615948525055,0.09102963632774663,0.05863069705598965,0.04455808776199263
demo_008,8_4,5.04,221.63711525164047,0.43237034368872446,88.60602717915107,0.03896587503317274,0.08018553260038883,0.056814727844411175
demo_008,8_5,0.56,182.89588577975556,0.468367848743763,73.82653888907174,0.05227843232011019,0.0,0.014954890144833411
demo_008,8_6,8.27,214.40402397207242,0.7704568237078409,97.90369963943371,0.06491513388432829,0.03455530179001428,0.0
demo_008,8_7,9.58,322.7913805443605,0.6917934078008808,68.80855427901021,0.10371704790057572,0.04067700026422506,0.04280640817307646
demo_009,9_0,0.11,204.11007619585698,0.44403933839224535,93.36652036215995,0.008541628092528352,0.057578120950857015,0.05290056830175012
demo_009,9_1,5.56,205.76687440496275,0.6992864773655401,76.17312026609879,0.09901339476365532,0.050082094324941394,0.06577999436626768
demo_009,9_2,7.55,250.3638459621978,0.7765987057990746,72.76459045111658,0.05434505969750815,0.06186288412683404,0.05170658419670511
demo_009,9_3,2.33,218.04666691732535,0.3935605131217974,102.95625321467128,0.0,0.02037416384349731,0.0
demo_009,9_4,8.44,257.1604298642777,0.5893899011366648,74.9324486210397,0.08007156514887637,0.08671695030435078,0.025136930704014078
demo_009,9_5,5.4,243.21055563612225,0.5810864113341518,91.13066885502526,0.07017737048853401,0.12342384519763275,0.03444393963680016
demo_009,9_6,9.1,237.40770155632438,0.5035165404984971,55.110564247978495,0.06644872424022154,0.08245272318271886,0.05397246988609479
demo_009,9_7,6.31,214.80990884898742,0.6657302077735813,94.78825344601896,0.06516704913998154,0.04826245008194318,0.04989352562753826
demo_010,10_0,5.98,232.75774448702245,0.5810635953383599,62.006104270244926,0.07163948822997765,0.022263956935730522,0.06467803774697552
demo_010,10_1,4.78,218.46661209465816,0.562990988947622,31.801560684002503,0.02951671964730797,0.04983698481310007,0.012882515780294802
demo_010,10_2,1.14,245.63981452540446,0.2873322514643931,63.25073191829615,0.03887349419060287,0.08517972872600685,0.0
demo_010,10_3,2.88,255.16980647137382,0.2738459635904643,54.37861586308336,0.03458581202263241,0.03167604234361199,0.04489887311971005
demo_010,10_4,4.65,179.40290056645267,0.5780926123965107,68.44922225288698,0.08940932235708669,0.03907078127851159,0.02121689802376488
demo_010,10_5,9.25,279.6283709980282,0.6849473404773166,46.28805365230384,0.10317997770359849,0.054452858482961344,0.05244657224836193
demo_010,10_6,7.13,254.7977849555261,0.48152268056103986,54.34730699478956,0.09277357715387885,0.08004482742900444,0.029118209861493004
demo_010,10_7,6.22,225.31458689278975,0.5593273642203236,85.37826895357202,0.05304119578305186,0.08144795520451262,0.027987886257962887
demo_011,11_0,6.72,193.30703211809055,0.2783695625024259,112.21873990023789,0.1357460954350852,0.058138690567871576,0.0014116234532720595
demo_011,11_1,3.97,190.19229039624267,0.4764441560142877,57.73223916156304,0.06727483330426032,0.06955162532345263,0.0020200896360488933
demo_011,11_2,8.07,281.5043117491825,0.6224931413865177,73.25349675862988,0.07797013205815169,0.09690359936763374,0.009609516069144085
demo_011,11_3,3.92,187.22058741960595,0.719831274785174,76.51654532390084,0.09416302678251358,0.020429924641847425,0.043516256123709664
demo_011,11_4,0.18,145.2799800058061,0.42570472900641093,104.250376736632,0.01814202206282884,0.0,0.020178806900448445
demo_011,11_5,5.41,200.30266621143173,0.5254236268740233,45.886955679689656,0.022468506103129643,0.07691340328246284,0.02577132518495493
demo_011,11_6,7.42,244.5991955910742,0.6182638579874029,65.72250351927032,0.04404150118280232,0.09961331385450872,0.049256550933747895
demo_011,11_7,8.74,245.16538593064078,0.6690012231696943,87.7540628252403,0.0820288073176424,0.10696213793347217,0.0587311349836873
demo_012,12_0,6.75,266.8929866345047,0.5111569887353185,95.81603442357978,0.10968118439595001,0.05671063382426243,0.0317424497535089
demo_012,12_1,5.13,258.68490294346816,0.6424294544518147,34.96445418761907,0.04022361832808543,0.03729143383916331,0.0
demo_012,12_2,0.66,206.17390711710425,0.392250049937336,102.25931783320527,0.023460614094519213,0.003007414426968332,0.020826822193280893
demo_012,12_3,0.61,204.25368096303208,0.30586312663606025,91.17097918548447,0.023698588664587517,0.0530562477708764,0.021542917688890148
demo_012,12_4,1.12,206.8990521286616,0.42656743465508234,75.78619971273686,0.0024476528673055623,0.0,0.037077091835454164
demo_012,12_5,7.81,260.6998592607253,0.5836038119508463,102.56037714698606,0.022622233492562843,0.03193570755449526,0.024959705287892178
demo_012,12_6,2.28,249.1352799098379,0.5491412877212024,57.19678161747539,0.01298930440067628,0.05712958402948655,0.02801307288261155
demo_012,12_7,0.47,222.90852212700906,0.4452207521759257,83.16238169810218,0.047760366127506865,0.05705268965866303,0.0
demo_013,13_0,2.42,150.36984059374532,0.337934964843171,42.80329186908743,0.04439059413691603,0.07242348131486102,0.06320105771085886
demo_013,13_1,1.63,105.07216203682428,0.3335101969360559,80.22902583341309,0.028910426430215623,0.009312571994432972,0.06585741760041447
demo_013,13_2,9.85,208.51878034136726,0.5356603356673157,97.10038648594558,0.10991612759068262,0.10235534074318021,0.07453279134940485
demo_013,13_3,4.14,152.96804397381734,0.5799352774519744,86.81582816004212,0.009391548322391967,0.0573501979496709,0.021296943636694588
demo_013,13_4,7.25,201.40568171366016,0.7887752711190017,107.18441200591224,0.08214316788095768,0.11402975287963182,0.041996563237562574
demo_013,13_5,1.44,85.5063092179632,0.48356862190374433,81.20771856848835,0.002494003381025775,0.03708720633283414,0.022716968566529855
demo_013,13_6,9.93,203.14770033034583,0.6496445981736025,84.97574619602166,0.09562123018774041,0.08349765537196396,0.028143993510149467
demo_013,13_7,2.73,104.54811946682733,0.31825893320444154,90.22443629095069,0.05390471990339222,0.0,0.025741922995123748
demo_014,14_0,2.31,258.9979127535765,0.4624897197498883,63.09909344061698,0.014097167094128144,0.05421497952372186,0.03452401687790883
demo_014,14_1,7.26,300.41061054228413,0.5655749698951179,55.11588242278261,0.06782620950480792,0.08006311392724177,0.03773142413367493
demo_014,14_2,7.96,284.85395338557504,0.5385322101083214,67.43867832549252,0.08850831979931248,0.06570193597474655,0.0487629444688784
demo_014,14_3,1.49,198.31375598866,0.37959460422818825,108.75553879832924,0.006404203127413379,0.0,0.0
demo_014,14_4,8.78,285.8917391621789,0.6054781308016859,104.28379657857003,0.01966474053918267,0.09457996026157281,0.07757973605039552
demo_014,14_5,1.05,213.72359345613194,0.3358067441337593,62.113079078449424,0.024166506650758264,0.07910146431882165,0.05988618641389366
demo_014,14_6,0.23,264.32726142466475,0.41005420088364164,115.07382053402162,0.024287340379398958,0.035320140456301115,0.028003692290315085
demo_014,14_7,6.09,284.8309781894768,0.46731353863038616,99.37995740551716,0.05856606559576873,0.051831962246858536,0.05643426106478963
demo_015,15_0,3.94,212.96618472607216,0.5389167208409319,88.49931794872299,0.004163315463882926,0.07364359901387313,0.012182821081187546
demo_015,15_1,0.99,187.54167488390905,0.4348088466739401,66.12987670855438,0.052700511799036925,0.0,0.014828860177693491
demo_015,15_2,4.68,217.39664511324855,0.5505678744693615,59.84214100752911,0.07589623182367967,0.05999506952484725,0.0
demo_015,15_3,1.11,189.63537917112686,0.40115694037304156,77.93159772850733,0.032048883768817676,0.04340831962708239,0.04227375441785448
demo_015,15_4,9.82,230.37804039783305,0.5143928078296472,85.77833334337414,0.1248893522834784,0.07600181783908663,0.0
demo_015,15_5,8.46,227.92583412626146,0.5445217729511098,71.83222745490548,0.0851703151206729,0.07139542754345514,0.06636070094493242
demo_015,15_6,5.84,206.26827538999925,0.6035220296377599,49.287158601477614,0.07563824283728532,0.0681302671154611,0.0345779860034732
demo_015,15_7,2.07,182.07789164074495,0.6989391623413974,75.49137101543802,0.007551535801726517,0.04450639908068666,0.004679501819045587
demo_016,16_0,4.14,200.66353204757823,0.42873185879698156,99.74810290092802,0.08288744914222625,0.09790312857549692,0.04299530608181354
demo_016,16_1,2.48,126.54109693642819,0.42395281513099736,62.65989487353147,0.045369094798780416,0.027760907656036966,0.024129035276974898
demo_016,16_2,4.91,188.6941836569678,0.5723070569407936,75.3546134015153,0.06123538628475188,0.05961697534379446,0.043684718784819346
demo_016,16_3,4.82,233.43585603351877,0.5576620997256877,91.79093772071204,0.02997054044140537,0.05628554330271242,0.0532667120852623
demo_016,16_4,1.19,168.49505350562066,0.5361056028332071,89.81533417987637,0.06333438820829783,0.04581797335312601,0.016454633010785646
demo_016,16_5,1.87,95.40280149943544,0.49275602452004136,15.0,0.0,0.05478739470515001,0.03516775508379615
demo_016,16_6,3.41,163.19695967009224,0.6498116854791278,70.31939736854648,0.10497010252679556,0.05042562844761327,0.03840233555907716
demo_016,16_7,2.12,173.9205921178064,0.3327073750872395,77.8054509661142,0.03894655437088571,0.0017750270987855962,0.02124199690559981
demo_017,17_0,4.58,191.54953688764223,0.4806300204864202,77.87636138754847,0.06265639336771013,0.07600014848288424,0.013753616672707792
demo_017,17_1,7.26,239.73466736586505,0.5320646074314076,51.66315814806252,0.0869279267214507,0.08747190188401467,0.011171098706382908
demo_017,17_2,1.77,186.59169412074084,0.48923524951706976,92.63962967522791,0.0022997576351803523,0.05056533472484222,0.019264669848069245
demo_017,17_3,6.6,228.58682444967496,0.7425118709811954,115.88740109200718,0.10406989710372822,0.06630771767916356,0.04685427482456141
demo_017,17_4,7.2,214.63532824429993,0.5956373363047719,96.47506263752365,0.07390271130085993,0.05130834401008294,0.033304014733929216
demo_017,17_5,4.4,189.3021176487728,0.5508377242825887,93.4015848440438,0.046432471003908425,0.07909045140290732,0.040778355316174464
demo_017,17_6,3.27,216.2046439034882,0.4215473414171151,46.898093136296325,0.02173218624736703,0.018961455739957136,0.03083987165330407
demo_017,17_7,2.75,167.61467956721194,0.5431523672583258,86.79750722385407,0.052161873558227094,0.058804005255963576,0.040577269128096165
demo_018,18_0,9.53,127.9501789043979,0.642557808337127,79.90734055551309,0.11784287966373161,0.12280437989076756,0.05264317501961432
demo_018,18_1,6.85,173.18487851231407,0.5080068137113359,79.97214697113303,0.0976333483772902,0.05439252286597815,0.056676404407680445
demo_018,18_2,8.54,150.67058770129728,0.7303633894228954,93.9713269074301,0.08732705351462249,0.058369358828004175,0.02843541091290547
demo_018,18_3,9.13,192.80024144053138,0.5134929387257163,88.7502449723974,0.057843140245927724,0.0786382525821667,0.04957311014914626
demo_018,18_4,4.81,110.23735212516485,0.6967936557143926,82.9968482797456,0.06892183211636053,0.06238689525818453,0.04331276529217386
demo_018,18_5,4.1,175.3714786322294,0.4477190597492941,102.64469144358495,0.037589589170427457,0.05279138790146398,0.01086022060094691
demo_018,18_6,7.98,206.15064881541304,0.5900949673416857,76.06228602592181,0.052960334420954505,0.07097187053427592,0.012069439875992023
demo_018,18_7,1.93,127.29855004899068,0.606429289536695,136.18421722459004,0.023816730499391175,0.08461445409321779,0.030652774304960252
demo_019,19_0,7.91,239.51328236755532,0.6109319805474648,71.83333674346662,0.04539891667774831,0.031135522358097197,0.05678703688250436
demo_019,19_1,4.23,193.68374144684498,0.5068945238766919,95.89864505831255,0.059153776203235725,0.03572807558155021,0.057230720953368605
demo_019,19_2,0.95,194.6861757038173,0.5406393931015068,104.83919993627623,0.05991641899737332,0.05413492053103054,0.034822913550323575
demo_019,19_3,6.72,201.05404499807634,0.6521528866290115,52.88372057746892,0.052193523807514755,0.1094428179076493,0.056972336190587294
demo_019,19_4,7.49,227.8201351450589,0.4489353339635516,75.19125605859314,0.07996823700770819,0.07729890827022358,0.06513823296514568
demo_019,19_5,1.54,195.78923592331904,0.31974612258150076,89.00634556087626,0.035824500298463895,0.016717131174741308,0.019889178418141362
demo_019,19_6,0.35,170.73952215284268,0.621270536642101,78.03107995384241,0.021341281765160654,0.0,0.003161003468807922
demo_019,19_7,5.39,200.67535676059572,0.7005403527713825,76.70124449207563,0.09493702987144939,0.06418764499736225,0.03691280971635714
demo_020,20_0,7.5,279.8832784421676,0.30921320977691213,39.96908511122642,0.06393934837997346,0.07545179573502106,0.05631006813372724
demo_020,20_1,0.86,174.16456451692383,0.5437808307167478,100.60390806305462,0.035620210289555296,0.06403866818126194,0.02803237577197093
demo_020,20_2,6.54,246.62073136055403,0.5766585311328523,80.02679693508973,0.1075716271032944,0.0,0.011252511367617908
demo_020,20_3,2.21,185.47444183755707,0.42464649993030995,49.85348704453905,0.01582690367685473,0.017422624916828937,0.07577241947778586
demo_020,20_4,7.11,223.44101062736047,0.5340031980988537,57.015920056234116,0.027034033691355777,0.06912556071230495,0.02135894348739982
demo_020,20_5,7.58,197.51980360260438,0.4980406446859842,82.97254190605662,0.08720896225589866,0.08799877788623206,0.016327529878845073
demo_020,20_6,5.64,202.01444287879406,0.6169667340146825,79.78722646763613,0.030076972116356904,0.05435977708539774,0.04423012895269204
demo_020,20_7,1.72,187.12425504891382,0.6268035548563821,100.15021541973118,0.03062087172559778,0.0628212754803297,0.06383468026187442
demo_021,21_0,1.95,241.09255401503754,0.6270618818035631,58.834378983247255,0.005620527338448318,0.027143366653948835,0.034269129476951835
demo_021,21_1,1.35,243.12823251113394,0.35276751082389574,65.75325871174583,0.01244070102816075,0.10653050781368269,0.02999098217141152
demo_021,21_2,6.1,285.228829711776,0.5303064655731213,65.7289203725929,0.0014412463409451542,0.02528882573507133,0.0021021784206457644
demo_021,21_3,6.2,268.2985271747783,0.7138869956033737,79.11127664591291,0.1006339419997512,0.07950363268564498,0.05423825420361254
demo_021,21_4,0.44,265.2497431177556,0.49848948382496183,68.46705415532614,0.04208076647149545,0.049636138933894666,0.010334200665723181
demo_021,21_5,9.79,297.30448424198426,0.6550392010056852,86.54019737578629,0.07369124431158285,0.08951560887380929,0.060769765039782875
demo_021,21_6,1.93,302.87062982607864,0.6015397804750479,59.97417134486912,0.0806142378096097,0.025663204210036393,0.046693705922442465
demo_021,21_7,6.33,288.9651611375585,0.34136367236318543,76.56870979567303,0.030335861867489433,0.09700792800396574,0.06933032860712625
demo_022,22_0,6.59,186.67360010975253,0.4892701848377605,95.48989407730743,0.07014928214108375,0.1217146458469324,0.03011795272044261
demo_022,22_1,7.23,212.39255487019128,0.6762718117056545,71.05684685340107,0.07437899521138747,0.06992186174975512,0.02497227176744584
demo_022,22_2,9.28,242.5647292840789,0.7031027782949304,110.7393130783529,0.12615896020466105,0.07440195088202892,0.05528619215743506
demo_022,22_3,5.79,199.01020025749912,0.4727744472932969,112.40140618272102,0.07462088049109104,0.05819777764188189,0.06124169717963481
demo_022,22_4,8.52,169.92717746851815,0.7085369728936683,81.20936896234736,0.09091133110136174,0.04133683712459445,0.04509968589506813
demo_022,22_5,3.73,202.55795287415665,0.5136299323066508,71.21892179790125,0.04124991983232887,0.0,0.03634462604516481
demo_022,22_6,9.65,189.9509084738893,0.5619839612936159,56.85070735533156,0.0684453368735024,0.08952940601356113,0.007274435504682576
demo_022,22_7,8.11,235.83152430215165,0.572608414995551,30.385829800309168,0.056856937506734796,0.1156448321574762,0.0
demo_023,23_0,1.18,197.42286476714125,0.3485860965374519,88.07908041471222,0.04742444630173415,0.09219072018262073,0.01949313362185266
demo_023,23_1,5.2,172.34688909641915,0.6729639885370562,64.7898230385727,0.0474131669615123,0.06056001278055734,0.004356036406219843
demo_023,23_2,0.4,195.23093818617417,0.445175811287869,48.2220487164255,0.024711418332852828,0.05466656768175127,0.0
demo_023,23_3,0.97,197.49508261966255,0.45661398942991727,88.23943164253508,0.0782640806419308,0.049865192313484366,0.03606206468781273
demo_023,23_4,8.71,232.20429356026168,0.5221063400510841,88.55592796494265,0.09697341180660735,0.0664830834460866,0.02549433221113947
demo_023,23_5,9.59,252.70436941068215,0.5518026357247345,98.31860604559196,0.08938089802900202,0.0799360081687811,0.060006683217447884
demo_023,23_6,8.37,243.6504201741783,0.8389235128747545,89.32355324394621,0.07421799947055777,0.06503538621441934,0.03691747284673112
demo_023,23_7,3.97,190.17018137209598,0.609265698297154,45.33581793582034,0.07435633236340104,0.04244340233409261,0.039455954758092174
demo_024,24_0,0.94,179.23918142630714,0.5387223764620106,49.704904484129216,0.05232805052081181,0.047802815838351685,0.0
demo_024,24_1,1.27,159.82360591207492,0.498462847056508,83.54522733897711,0.041166253396548884,0.08182445717504805,0.04832873590194119
demo_024,24_2,4.83,171.25453042977043,0.5009764740626719,44.95802854546058,0.06116026371883268,0.09643903654062222,0.012756794492341714
demo_024,24_3,7.8,180.04942372034378,0.5143380181265167,109.5478726834007,0.06602694356826619,0.09065856530265745,0.005971732994949609
demo_024,24_4,9.76,233.6806162518051,0.6220340249793839,91.5109301999979,0.05805603598358098,0.12402008371595935,0.04279238522176121
demo_024,24_5,1.54,140.55217937185336,0.36872228980496946,93.89341223256817,0.042149799530248666,0.058768554194356705,0.024432161186421327
demo_024,24_6,2.02,146.23358467360708,0.7180346338715311,48.641391671390025,0.0706541407017425,0.08314925861820158,0.00901284142897436
demo_024,24_7,2.26,183.51699684994531,0.573018920297945,80.56044374051753,0.03538437309870787,0.0372734726638187,0.03458848066389382
demo_025,25_0,6.53,258.5107798495796,0.6622292187419022,98.42301492789585,0.08708992016279196,0.0915564802971186,0.0341771939475284
demo_025,25_1,1.88,222.368970183085,0.25072030494417624,84.73897223091899,0.036067030951888526,0.02807458360629734,0.0
demo_025,25_2,4.86,295.9649849249121,0.4418150331600698,87.21183355313683,0.024272507137559324,0.10233800123101185,0.03170786517902392
demo_025,25_3,0.51,291.25269137910664,0.5946811775578478,73.86868757425884,0.013727837714634422,0.023283657371322673,0.03172296882798503
demo_025,25_4,6.48,271.01511437447033,0.7381076825018686,77.71580216444326,0.1278625884026324,0.07161330069259325,0.07515187977450857
demo_025,25_5,6.63,306.1179015067185,0.4786790724094231,62.924815548251765,0.08286972048100869,0.09940837293593145,0.040681017870995255
demo_025,25_6,7.37,253.96090791821183,0.4128869050165844,44.64755774121238,0.0792972505042785,0.10794570323818474,0.041828877054975816
demo_025,25_7,7.47,284.0540921331882,0.5672815704521046,121.91997500450879,0.04088043819045597,0.06311585993354832,0.07653514761665338
demo_026,26_0,5.29,240.96516119482914,0.5719410631454436,95.55219060557071,0.04182023680952096,0.08810523860882324,0.00842168028307784
demo_026,26_1,1.47,212.01184230813422,0.3629013177883435,79.54629449348707,0.019756312927352186,0.006694517403282821,0.017350483772294686
demo_026,26_2,4.81,242.30902669051238,0.38227051614250385,94.23954045982103,0.029141640425199983,0.04187853863835879,0.021941624888590916
demo_026,26_3,3.61,232.87133550094518,0.46479458404905155,89.97438882139447,0.0,0.050354625995823694,0.07077460039862071
demo_026,26_4,2.73,219.2714175880294,0.5339764880935225,97.91210486628691,0.0,0.0,0.032389955726098006
demo_026,26_5,9.3,302.95014129100446,0.5946799100524526,41.30938528573764,0.05839988639373029,0.003309920252365775,0.04321758967498327
demo_026,26_6,9.09,257.82633392703315,0.7566175463224792,103.97039673033387,0.08434286667499216,0.020475684769032845,0.059603879006514426
demo_026,26_7,4.07,236.0730222300906,0.619618166882717,56.7034380707792,0.10373425180503654,0.0256589106775223,0.04720533017990627
demo_027,27_0,9.95,238.43798395333553,0.6173980746451151,96.79845210265596,0.1005615796714419,0.08654070813724689,0.07712173290727983
demo_027,27_1,9.39,151.52880634300902,0.5383125275175551,91.02383457403388,0.10060410245355539,0.03931657374535916,0.033677310238047126
demo_027,27_2,9.49,187.74957268341768,0.47221375012012823,67.43257783761042,0.07323528447915983,0.11010360917341303,0.0646612319100826
demo_027,27_3,2.65,132.31877264832738,0.482968845099578,63.6684978508885,0.014859017689181589,0.017676066369400736,0.015245088039156985
demo_027,27_4,9.65,202.1558305632407,0.7286956023888455,48.258033984035166,0.09314453981014494,0.08127305931036204,0.05576574029491212
demo_027,27_5,3.78,114.86828983514476,0.3430927876930866,80.58847151169945,0.07720178398930273,0.0,0.03826407202274517
demo_027,27_6,2.08,133.7570296870542,0.5180238179502881,65.93861838204396,0.03657571017767032,0.0,0.0
demo_027,27_7,1.89,111.42487114047277,0.3925457637184981,52.27115493459614,0.002969306856197833,0.03611505422569985,0.011073548731556242
demo_028,28_0,4.12,234.19770131200752,0.5315929549866567,111.55536409863772,0.027139196594946013,0.05306256043197089,0.05500909961942099
demo_028,28_1,4.68,195.14340615168686,0.4795751984246916,107.16242191734521,0.07047817602852752,0.06395177528600822,0.02969324830211438
demo_028,28_2,8.03,264.6521099301418,0.5703952563239534,79.14842757911111,0.08315541002306154,0.057821090462496956,0.054724205636279735
demo_028,28_3,2.25,166.77947691033248,0.49505387153926605,64.79619822762189,0.05516332765619242,0.04487809267258826,0.04197777971722549
demo_028,28_4,2.11,214.914263953116,0.5885798717318796,33.11404212422645,0.07952671464211049,0.05390792786609298,0.04788489876956503
demo_028,28_5,3.06,196.92375618876645,0.49396265248201476,79.65924221325074,0.05348273071194946,0.08088346855221303,0.0
demo_028,28_6,4.41,228.73385255720729,0.48585186378519385,50.5776953123022,0.0684618091030607,0.0,0.046204562679191
demo_028,28_7,2.38,213.63251509421613,0.4452843718611646,103.39076294587767,0.03721731782999695,0.02347615492735364,0.017018101961437743
demo_029,29_0,7.37,273.8320047844852,0.5557572340297304,48.65645818829106,0.0862684802604207,0.021396921831249312,0.057131625847765766
demo_029,29_1,9.18,357.65349162582,0.49744873270951695,77.94675817918734,0.13420739228687795,0.12081328900628649,0.03361155886717403
demo_029,29_2,4.12,257.5908739605684,0.5369284326616051,66.0263912803034,0.051633233933287365,0.006800923599532063,0.03507371646627838
demo_029,29_3,3.01,242.97104020332534,0.28152398254547933,99.77063725702925,0.05520555098620313,0.026298768528727614,0.023427601793117182
demo_029,29_4,2.2,216.52827500414958,0.3905021112252182,104.56841624560303,0.024423467608474084,0.06241588324900074,0.015838412677337394
demo_029,29_5,0.31,223.48743631570076,0.5124900012701372,69.30377323562884,0.0,0.0,0.01028923523222582
demo_029,29_6,2.16,252.08018053290328,0.3980890178248472,127.49213100052863,0.0,0.049064482787169995,0.0039186832428246
demo_029,29_7,7.1,284.8877341442967,0.29845965502874144,84.73652233576055,0.12227386816067784,0.058997863852219626,0.046496663537748895
